CREATE DATABASE  IF NOT EXISTS `sga` /*!40100 DEFAULT CHARACTER SET utf8mb4 COLLATE utf8mb4_0900_ai_ci */ /*!80016 DEFAULT ENCRYPTION='N' */;
USE `sga`;
-- MySQL dump 10.13  Distrib 8.0.17, for Win64 (x86_64)
--
-- Host: localhost    Database: sga
-- ------------------------------------------------------
-- Server version	8.0.17

/*!40101 SET @OLD_CHARACTER_SET_CLIENT=@@CHARACTER_SET_CLIENT */;
/*!40101 SET @OLD_CHARACTER_SET_RESULTS=@@CHARACTER_SET_RESULTS */;
/*!40101 SET @OLD_COLLATION_CONNECTION=@@COLLATION_CONNECTION */;
/*!50503 SET NAMES utf8 */;
/*!40103 SET @OLD_TIME_ZONE=@@TIME_ZONE */;
/*!40103 SET TIME_ZONE='+00:00' */;
/*!40014 SET @OLD_UNIQUE_CHECKS=@@UNIQUE_CHECKS, UNIQUE_CHECKS=0 */;
/*!40014 SET @OLD_FOREIGN_KEY_CHECKS=@@FOREIGN_KEY_CHECKS, FOREIGN_KEY_CHECKS=0 */;
/*!40101 SET @OLD_SQL_MODE=@@SQL_MODE, SQL_MODE='NO_AUTO_VALUE_ON_ZERO' */;
/*!40111 SET @OLD_SQL_NOTES=@@SQL_NOTES, SQL_NOTES=0 */;

--
-- Table structure for table `alumno`
--

DROP TABLE IF EXISTS `alumno`;
/*!40101 SET @saved_cs_client     = @@character_set_client */;
/*!50503 SET character_set_client = utf8mb4 */;
CREATE TABLE `alumno` (
  `id_alumno` int(11) NOT NULL AUTO_INCREMENT,
  `id_domicilio` int(11) DEFAULT NULL,
  `id_contacto` int(11) DEFAULT NULL,
  `nombre` varchar(45) DEFAULT NULL,
  `apellido` varchar(45) DEFAULT NULL,
  PRIMARY KEY (`id_alumno`),
  KEY `fk_domicilio_idx` (`id_domicilio`),
  KEY `fk_contacto_idx` (`id_contacto`),
  CONSTRAINT `fk_contacto` FOREIGN KEY (`id_contacto`) REFERENCES `contacto` (`id_contacto`),
  CONSTRAINT `fk_domicilio` FOREIGN KEY (`id_domicilio`) REFERENCES `domicilio` (`id_domicilio`)
) ENGINE=InnoDB AUTO_INCREMENT=3 DEFAULT CHARSET=utf8mb4 COLLATE=utf8mb4_0900_ai_ci;
/*!40101 SET character_set_client = @saved_cs_client */;

--
-- Dumping data for table `alumno`
--

LOCK TABLES `alumno` WRITE;
/*!40000 ALTER TABLE `alumno` DISABLE KEYS */;
INSERT INTO `alumno` VALUES (1,1,1,'Juan','Perez'),(2,2,2,'Karla','Gomez');
/*!40000 ALTER TABLE `alumno` ENABLE KEYS */;
UNLOCK TABLES;

--
-- Table structure for table `asignacion`
--

DROP TABLE IF EXISTS `asignacion`;
/*!40101 SET @saved_cs_client     = @@character_set_client */;
/*!50503 SET character_set_client = utf8mb4 */;
CREATE TABLE `asignacion` (
  `id_asignacion` int(11) NOT NULL AUTO_INCREMENT,
  `id_alumno` int(11) DEFAULT NULL,
  `id_curso` int(11) DEFAULT NULL,
  `turno` varchar(45) DEFAULT NULL,
  PRIMARY KEY (`id_asignacion`),
  KEY `fk_alumno_idx` (`id_alumno`),
  KEY `fk_curso_idx` (`id_curso`),
  CONSTRAINT `fk_alumno` FOREIGN KEY (`id_alumno`) REFERENCES `alumno` (`id_alumno`),
  CONSTRAINT `fk_curso` FOREIGN KEY (`id_curso`) REFERENCES `curso` (`id_curso`)
) ENGINE=InnoDB AUTO_INCREMENT=4 DEFAULT CHARSET=utf8mb4 COLLATE=utf8mb4_0900_ai_ci;
/*!40101 SET character_set_client = @saved_cs_client */;

--
-- Dumping data for table `asignacion`
--

LOCK TABLES `asignacion` WRITE;
/*!40000 ALTER TABLE `asignacion` DISABLE KEYS */;
INSERT INTO `asignacion` VALUES (1,1,1,'Matutino'),(2,2,2,'Vespertino'),(3,1,2,'Vespertino');
/*!40000 ALTER TABLE `asignacion` ENABLE KEYS */;
UNLOCK TABLES;

--
-- Table structure for table `contacto`
--

DROP TABLE IF EXISTS `contacto`;
/*!40101 SET @saved_cs_client     = @@character_set_client */;
/*!50503 SET character_set_client = utf8mb4 */;
CREATE TABLE `contacto` (
  `id_contacto` int(11) NOT NULL AUTO_INCREMENT,
  `telefono` varchar(45) DEFAULT NULL,
  `email` varchar(45) DEFAULT NULL,
  PRIMARY KEY (`id_contacto`)
) ENGINE=InnoDB AUTO_INCREMENT=3 DEFAULT CHARSET=utf8mb4 COLLATE=utf8mb4_0900_ai_ci;
/*!40101 SET character_set_client = @saved_cs_client */;

--
-- Dumping data for table `contacto`
--

LOCK TABLES `contacto` WRITE;
/*!40000 ALTER TABLE `contacto` DISABLE KEYS */;
INSERT INTO `contacto` VALUES (1,'55443322','jperez@mail.com'),(2,'33221188','kgomez@mail.com');
/*!40000 ALTER TABLE `contacto` ENABLE KEYS */;
UNLOCK TABLES;

--
-- Table structure for table `curso`
--

DROP TABLE IF EXISTS `curso`;
/*!40101 SET @saved_cs_client     = @@character_set_client */;
/*!50503 SET character_set_client = utf8mb4 */;
CREATE TABLE `curso` (
  `id_curso` int(11) NOT NULL AUTO_INCREMENT,
  `nombre` varchar(45) DEFAULT NULL,
  `precio` double DEFAULT NULL,
  PRIMARY KEY (`id_curso`)
) ENGINE=InnoDB AUTO_INCREMENT=3 DEFAULT CHARSET=utf8mb4 COLLATE=utf8mb4_0900_ai_ci;
/*!40101 SET character_set_client = @saved_cs_client */;

--
-- Dumping data for table `curso`
--

LOCK TABLES `curso` WRITE;
/*!40000 ALTER TABLE `curso` DISABLE KEYS */;
INSERT INTO `curso` VALUES (1,'Fundamentos de Java',200),(2,'Java con JDBC',300);
/*!40000 ALTER TABLE `curso` ENABLE KEYS */;
UNLOCK TABLES;

--
-- Table structure for table `domicilio`
--

DROP TABLE IF EXISTS `domicilio`;
/*!40101 SET @saved_cs_client     = @@character_set_client */;
/*!50503 SET character_set_client = utf8mb4 */;
CREATE TABLE `domicilio` (
  `id_domicilio` int(11) NOT NULL AUTO_INCREMENT,
  `calle` varchar(45) DEFAULT NULL,
  `no_calle` varchar(45) DEFAULT NULL,
  `pais` varchar(45) DEFAULT NULL,
  PRIMARY KEY (`id_domicilio`)
) ENGINE=InnoDB AUTO_INCREMENT=3 DEFAULT CHARSET=utf8mb4 COLLATE=utf8mb4_0900_ai_ci;
/*!40101 SET character_set_client = @saved_cs_client */;

--
-- Dumping data for table `domicilio`
--

LOCK TABLES `domicilio` WRITE;
/*!40000 ALTER TABLE `domicilio` DISABLE KEYS */;
INSERT INTO `domicilio` VALUES (1,'Saturno','15','Mexico'),(2,'Candelaria','35','Colombia');
/*!40000 ALTER TABLE `domicilio` ENABLE KEYS */;
UNLOCK TABLES;
/*!40103 SET TIME_ZONE=@OLD_TIME_ZONE */;

/*!40101 SET SQL_MODE=@OLD_SQL_MODE */;
/*!40014 SET FOREIGN_KEY_CHECKS=@OLD_FOREIGN_KEY_CHECKS */;
/*!40014 SET UNIQUE_CHECKS=@OLD_UNIQUE_CHECKS */;
/*!40101 SET CHARACTER_SET_CLIENT=@OLD_CHARACTER_SET_CLIENT */;
/*!40101 SET CHARACTER_SET_RESULTS=@OLD_CHARACTER_SET_RESULTS */;
/*!40101 SET COLLATION_CONNECTION=@OLD_COLLATION_CONNECTION */;
/*!40111 SET SQL_NOTES=@OLD_SQL_NOTES */;

-- Dump completed on 2020-01-21 19:14:23
